{
    "score_hit_wall": -100000,
    "score_hit_self_strong": -150000,
    "score_hit_others_body": -200000,
    "score_sugar": 7.173727172796311,
    "score_sugar_alpha": 8.6669550915319,
    "score_sugar_beta": 2.101976919449542,
    "score_sugar_gamma": 0.2793047505335109,
    "score_speed": 7.4526023622662585,
    "score_speed_alpha": 17.47586468140592,
    "score_speed_beta": 0.06426167428440997,
    "score_speed_gamma": 0.4477914882669143,
    "score_strong": 8.480267438893456,
    "score_strong_alpha": 24.93065748291645,
    "score_strong_beta": 6.033973439501053,
    "score_strong_gamma": 1.6806323571227846,
    "score_double": 4.2164200108581475,
    "score_double_alpha": 15.462355178107309,
    "score_double_beta": 1.791810327985851,
    "score_double_gamma": 0.19538857681814095,
    "score_empty_grid": 0.0,
    "score_center_alpha_x": -2.0495498067336126,
    "score_center_alpha_y": -1.3240337802494775,
    "score_enemy_stronger": -47.004837313574626,
    "score_enemy_weaker": 49.88669521963001,
    "score_enemy_both_strong": -9.568856906887918,
    "score_enemy_stronger_dist": -2.5747281859161086,
    "score_enemy_weaker_dist": 46.93960676682158,
    "score_enemy_both_strong_dist": -4.558064184576075,
    "score_discount_rate": 0.8712251281642154
}