{
    "score_hit_wall": -100000,
    "score_hit_self_strong": -150000,
    "score_hit_others_body": -200000,
    "score_sugar": 6.342977665223266,
    "score_sugar_alpha": 10.844757540886864,
    "score_sugar_beta": 4.207727910245328,
    "score_sugar_gamma": 0.41353610997519613,
    "score_speed": 4.669488083446579,
    "score_speed_alpha": 15.020212421386525,
    "score_speed_beta": 5.305455383959421,
    "score_speed_gamma": 0.03819403457027204,
    "score_strong": 6.393382336943286,
    "score_strong_alpha": 11.724997360576374,
    "score_strong_beta": 0.7767742876788937,
    "score_strong_gamma": 1.6572231105974737,
    "score_double": 7.27368030548465,
    "score_double_alpha": 19.000007309825772,
    "score_double_beta": 4.341788360411801,
    "score_double_gamma": 1.9104332246484066,
    "score_empty_grid": 0.0,
    "score_center_alpha_x": -0.4555423575353013,
    "score_center_alpha_y": -2.7340733258665852,
    "score_enemy_stronger": -47.363817383415245,
    "score_enemy_weaker": 27.907627364974175,
    "score_enemy_both_strong": -3.806531405895645,
    "score_enemy_stronger_dist": -43.36525154887967,
    "score_enemy_weaker_dist": 30.136998527709572,
    "score_enemy_both_strong_dist": -0.5685320372225544,
    "score_discount_rate": 0.6039580826255102
}