{
    "score_hit_wall": -100000,
    "score_hit_self_strong": -150000,
    "score_hit_others_body": -200000,
    "score_sugar": 1.7255771536853315,
    "score_sugar_alpha": 17.903764297028154,
    "score_sugar_beta": 0.6913389401469702,
    "score_sugar_gamma": 1.749218898535612,
    "score_speed": 3.5682646745237245,
    "score_speed_alpha": 16.898692314536934,
    "score_speed_beta": 0.7800388605459151,
    "score_speed_gamma": 1.1471972758939684,
    "score_strong": 8.672154882153448,
    "score_strong_alpha": 17.089794414780282,
    "score_strong_beta": 8.000233614882358,
    "score_strong_gamma": 1.4985837352946199,
    "score_double": 8.600528537009854,
    "score_double_alpha": 5.3051551223392615,
    "score_double_beta": 10.214225010175698,
    "score_double_gamma": 0.9651614752774638,
    "score_empty_grid": 0,
    "score_center_alpha_x": -0.0857894690540868,
    "score_center_alpha_y": -0.5998998865774363,
    "score_enemy_stronger": -15.06164123863303,
    "score_enemy_weaker": 16.851769479265677,
    "score_enemy_stronger_dist": -14.828566203782588,
    "score_enemy_weaker_dist": 24.18861695716033
}